"0","dens1[,1]/sum(dens1[,1])
"
"1","[1]"
"1"," 0.1428571"
"1"," 0.1428571"
"1"," 0.2857143"
"1"," 0.4285714"
"1","
"
